K,repeat,engine,cpu_mean,cpu_max,n
1,0,B2_InMemoryRecompute,7.4799999999999995,8.5,5
1,0,A_ProposedStateful,7.500000000000002,9.5,10
1,0,B1_RedisFetch,7.666666666666667,9.8,9
1,1,B1_RedisFetch,8.23,9.8,10
1,1,B2_InMemoryRecompute,7.775,8.5,4
1,1,A_ProposedStateful,7.3999999999999995,8.2,6
1,2,A_ProposedStateful,7.7,8.3,6
1,2,B2_InMemoryRecompute,7.725000000000001,8.4,4
1,2,B1_RedisFetch,7.542857142857143,8.1,7
1,3,B2_InMemoryRecompute,8.274999999999999,8.5,4
1,3,A_ProposedStateful,7.414285714285714,8.2,7
1,3,B1_RedisFetch,7.0,8.1,8
1,4,B2_InMemoryRecompute,7.800000000000001,8.4,4
1,4,B1_RedisFetch,7.799999999999999,8.3,7
1,4,A_ProposedStateful,7.300000000000001,8.3,6
100,0,B1_RedisFetch,8.566666666666668,15.4,12
100,0,A_ProposedStateful,7.355555555555556,8.3,9
100,0,B2_InMemoryRecompute,7.871428571428572,8.5,7
100,1,A_ProposedStateful,7.955555555555555,8.5,9
100,1,B1_RedisFetch,8.066666666666668,9.2,12
100,1,B2_InMemoryRecompute,7.45,8.5,6
100,2,B2_InMemoryRecompute,8.2,9.2,7
100,2,A_ProposedStateful,7.866666666666666,8.4,9
100,2,B1_RedisFetch,7.807692307692307,8.7,13
100,3,B2_InMemoryRecompute,8.028571428571428,8.5,7
100,3,A_ProposedStateful,7.880000000000001,8.7,10
100,3,B1_RedisFetch,7.569230769230769,8.4,13
100,4,B2_InMemoryRecompute,7.3999999999999995,8.5,6
100,4,B1_RedisFetch,7.735714285714285,8.6,14
100,4,A_ProposedStateful,7.825,8.4,8
